{
  "num_queries": 200,
  "retriever": "hybrid",
  "MRR": 0.7692738095238095,
  "Recall@1": 0.685,
  "Precision@1": 0.685,
  "F1@1": 0.685,
  "Recall@3": 0.83,
  "Precision@3": 0.575,
  "F1@3": 0.6793594306049823,
  "Recall@5": 0.895,
  "Precision@5": 0.48400000000000004,
  "F1@5": 0.6282523567802757,
  "Recall@8": 0.945,
  "Precision@8": 0.39625,
  "F1@8": 0.5583690587138863,
  "reranked": true
}