{
  "num_queries": 200,
  "retriever": "dense",
  "MRR": 0.6117142857142857,
  "Recall@1": 0.515,
  "Precision@1": 0.515,
  "F1@1": 0.515,
  "Recall@3": 0.66,
  "Precision@3": 0.39166666666666666,
  "F1@3": 0.49160063391442155,
  "Recall@5": 0.75,
  "Precision@5": 0.31500000000000006,
  "F1@5": 0.44366197183098605,
  "Recall@8": 0.825,
  "Precision@8": 0.255,
  "F1@8": 0.3895833333333333
}