{
  "num_queries": 200,
  "retriever": "hybrid",
  "MRR": 0.6920476190476191,
  "Recall@1": 0.595,
  "Precision@1": 0.595,
  "F1@1": 0.595,
  "Recall@3": 0.77,
  "Precision@3": 0.45666666666666655,
  "F1@3": 0.5733152173913042,
  "Recall@5": 0.82,
  "Precision@5": 0.36200000000000004,
  "F1@5": 0.5022673434856176,
  "Recall@8": 0.875,
  "Precision@8": 0.2925,
  "F1@8": 0.43843683083511775
}