{
  "num_queries": 200,
  "retriever": "dense",
  "MRR": 0.6252142857142857,
  "Recall@1": 0.525,
  "Precision@1": 0.525,
  "F1@1": 0.525,
  "Recall@3": 0.675,
  "Precision@3": 0.4016666666666666,
  "F1@3": 0.5036377708978328,
  "Recall@5": 0.77,
  "Precision@5": 0.32500000000000007,
  "F1@5": 0.4570776255707763,
  "Recall@8": 0.845,
  "Precision@8": 0.264375,
  "F1@8": 0.40274366197183104
}