{
  "num_queries": 200,
  "retriever": "hybrid",
  "MRR": 0.7081785714285715,
  "Recall@1": 0.605,
  "Precision@1": 0.605,
  "F1@1": 0.605,
  "Recall@3": 0.79,
  "Precision@3": 0.4699999999999999,
  "F1@3": 0.5893650793650793,
  "Recall@5": 0.845,
  "Precision@5": 0.377,
  "F1@5": 0.5213829787234042,
  "Recall@8": 0.9,
  "Precision@8": 0.303125,
  "F1@8": 0.4535064935064935
}